{"cameraMode":{"drawMode":0,"name":"Shaded","section":"Shading Mode"},"sceneLighting":true,"audioPlay":false,"sceneViewState":{"m_AlwaysRefresh":false,"showFog":true,"showSkybox":true,"showFlares":true,"showImageEffects":true,"showParticleSystems":true,"showVisualEffectGraphs":true,"m_FxEnabled":true},"in2DMode":false,"pivot":{"x":7.782739162445068,"y":1.2270113229751588,"z":-8.52590274810791},"rotation":{"x":-0.06620143353939057,"y":0.03589104861021042,"z":-0.0027844919823110105,"w":-0.9972848296165466},"size":1.7320507764816285,"orthographic":false}